[
  {
    "camera_id": 0,
    "image_index": 0,
    "rotation_matrix": [
      [
        1.0,
        0.0,
        0.0
      ],
      [
        0.0,
        1.0,
        0.0
      ],
      [
        0.0,
        0.0,
        1.0
      ]
    ],
    "translation_vector": [
      0.0,
      0.0,
      0.0
    ],
    "camera_position": [
      0.0,
      0.0,
      0.0
    ],
    "index": 0,
    "global_index": 1,
    "wall_id": 1,
    "connected_cams": [
      1,
      2,
      10
    ]
  },
  {
    "camera_id": 1,
    "image_index": 1,
    "rotation_matrix": [
      [
        0.9927671796655035,
        0.010165110248726638,
        -0.11962440182769205
      ],
      [
        -0.014162781075353306,
        0.9993676080862116,
        -0.03261593997197896
      ],
      [
        0.11921720769760344,
        0.034074248952476606,
        0.9922833279598681
      ]
    ],
    "translation_vector": [
      0.9881906955422888,
      -0.016167777530760413,
      0.15237372546920044
    ],
    "camera_position": [
      -0.9994378405557728,
      0.000920465536578945,
      -0.03351351381770787
    ],
    "index": 1,
    "global_index": 2,
    "wall_id": 1,
    "connected_cams": [
      2,
      0,
      10
    ]
  },
  {
    "camera_id": 2,
    "image_index": 2,
    "rotation_matrix": [
      [
        0.9926582653652086,
        -0.006625537759368957,
        -0.12077114908592304
      ],
      [
        0.004082475471720656,
        0.9997649612391852,
        -0.021292150488694445
      ],
      [
        0.12088383513174072,
        0.02064278391616761,
        0.9924520007919942
      ]
    ],
    "translation_vector": [
      1.6330711360777062,
      -0.08925826202151632,
      -0.07094609360489369
    ],
    "camera_position": [
      -1.61214093060896,
      0.10152178222601874,
      0.26573796984238973
    ],
    "index": 2,
    "global_index": 3,
    "wall_id": 1,
    "connected_cams": [
      3,
      12,
      10
    ]
  },
  {
    "camera_id": 3,
    "image_index": 3,
    "rotation_matrix": [
      [
        0.9987503770837924,
        0.0038181721138820504,
        -0.04983077198570316
      ],
      [
        -0.008111893473610618,
        0.9962404394107616,
        -0.08625070473292087
      ],
      [
        0.049314110143600466,
        0.08654714578980338,
        0.995026487133073
      ]
    ],
    "translation_vector": [
      2.2408377930838586,
      0.01580641722893407,
      -0.21347269575811853
    ],
    "camera_position": [
      -2.2273821548220893,
      -0.005827443897028668,
      0.3254369783084341
    ],
    "index": 3,
    "global_index": 4,
    "wall_id": 1,
    "connected_cams": [
      12,
      11,
      9
    ]
  },
  {
    "camera_id": 4,
    "image_index": 4,
    "rotation_matrix": [
      [
        0.9914234081814363,
        0.02231438567486066,
        -0.1287699262322491
      ],
      [
        -0.026707977935771732,
        0.9991150135807944,
        -0.03249420797667593
      ],
      [
        0.12793087830734073,
        0.035654702766994326,
        0.9911419840497675
      ]
    ],
    "translation_vector": [
      3.0596157858250166,
      -0.222546714756653,
      -0.06580395322668948
    ],
    "camera_position": [
      -3.0309001253233747,
      0.15642253766785408,
      0.4519760805653027
    ],
    "index": 4,
    "global_index": 5,
    "wall_id": 1,
    "connected_cams": [
      7,
      6,
      3
    ]
  },
  {
    "camera_id": 5,
    "image_index": 5,
    "rotation_matrix": [
      [
        0.9906010457039324,
        0.02175732820635488,
        -0.13504142667935848
      ],
      [
        -0.02229328672006246,
        0.9997484527806288,
        -0.0024577489611087746
      ],
      [
        0.1349539833331817,
        0.005445165935001333,
        0.9908369051213463
      ]
    ],
    "translation_vector": [
      3.980429325337142,
      0.10531481478816514,
      -0.15601074657490246
    ],
    "camera_position": [
      -3.9196153669745613,
      -0.19104232597016274,
      0.6923628975684661
    ],
    "index": 5,
    "global_index": 6,
    "wall_id": 1,
    "connected_cams": [
      6,
      7,
      4
    ]
  },
  {
    "camera_id": 6,
    "image_index": 6,
    "rotation_matrix": [
      [
        0.9979269785457792,
        -0.03626990878256275,
        -0.05316238526812498
      ],
      [
        0.03599342481680696,
        0.9993331074225239,
        -0.006149290950929054
      ],
      [
        0.053349965889856375,
        0.0042230470216291505,
        0.9985669466858015
      ]
    ],
    "translation_vector": [
      3.5422938858893644,
      0.08700952949260166,
      -0.141046070460429
    ],
    "camera_position": [
      -3.530557602576936,
      0.042122816826794036,
      0.32969578312862835
    ],
    "index": 6,
    "global_index": 7,
    "wall_id": 1,
    "connected_cams": [
      7,
      4,
      5
    ]
  },
  {
    "camera_id": 7,
    "image_index": 7,
    "rotation_matrix": [
      [
        0.9879097913812488,
        -0.08279693674072143,
        0.13106834613822868
      ],
      [
        0.08877616079723712,
        0.995230193736905,
        -0.04044322871020174
      ],
      [
        -0.12709460007081594,
        0.051590006210074854,
        0.9905480472405586
      ]
    ],
    "translation_vector": [
      2.9786010290838703,
      0.3371975458717847,
      -0.6731651013689819
    ],
    "camera_position": [
      -3.0580798741430875,
      -0.05424154616464881,
      0.2900394234121001
    ],
    "index": 7,
    "global_index": 8,
    "wall_id": 1,
    "connected_cams": [
      4,
      6,
      3
    ]
  },
  {
    "camera_id": 8,
    "image_index": 8,
    "rotation_matrix": [
      [
        -0.5831031068283589,
        -0.22321514794076946,
        0.7811310802527934
      ],
      [
        0.3490716879008041,
        0.7993868125990985,
        0.48900887573615415
      ],
      [
        -0.7335800730071661,
        0.5578133393640154,
        -0.3882068455274412
      ]
    ],
    "translation_vector": [
      -7.276861984564459,
      -1.545830181997147,
      3.890975921836839
    ],
    "camera_position": [
      -0.849212879512768,
      -2.559027834767719,
      7.950611230870267
    ],
    "index": 8,
    "global_index": 9,
    "wall_id": 1,
    "connected_cams": [
      28,
      32,
      33
    ]
  },
  {
    "camera_id": 9,
    "image_index": 9,
    "rotation_matrix": [
      [
        0.8675764557168804,
        -0.24555438955892495,
        0.4324513096917151
      ],
      [
        0.276446203788549,
        0.9609878687308675,
        -0.008933787718828905
      ],
      [
        -0.41338673164076756,
        0.1273002667728893,
        0.901613027957624
      ]
    ],
    "translation_vector": [
      1.8226126852522293,
      0.7116015686647169,
      -0.7214188921091691
    ],
    "camera_position": [
      -2.0762004038360056,
      -0.14445311210668466,
      -0.13139327370284148
    ],
    "index": 9,
    "global_index": 10,
    "wall_id": 1,
    "connected_cams": [
      11,
      10,
      12
    ]
  },
  {
    "camera_id": 10,
    "image_index": 10,
    "rotation_matrix": [
      [
        0.833485172019729,
        -0.26203784275366043,
        0.48645517469572747
      ],
      [
        0.28955026323670224,
        0.9569666711312588,
        0.019376155540089923
      ],
      [
        -0.47059867518172976,
        0.12470348555259095,
        0.8734906568522846
      ]
    ],
    "translation_vector": [
      1.769274803909636,
      0.6862119890722647,
      -0.8313230971042489
    ],
    "camera_position": [
      -2.0645767245040823,
      -0.0893961621886834,
      -0.1478160759082836
    ],
    "index": 10,
    "global_index": 11,
    "wall_id": 1,
    "connected_cams": [
      11,
      9,
      12
    ]
  },
  {
    "camera_id": 11,
    "image_index": 11,
    "rotation_matrix": [
      [
        0.8344316389524666,
        -0.2352191033678515,
        0.49839323162130145
      ],
      [
        0.2729195339969856,
        0.962032499653965,
        -0.002897856520264669
      ],
      [
        -0.4787888552148728,
        0.13843931168699086,
        0.8669462434901392
      ]
    ],
    "translation_vector": [
      1.7762890578160049,
      0.6721735109629228,
      -0.8758832716609608
    ],
    "camera_position": [
      -2.0850042200842696,
      -0.10757896620434299,
      -0.12399886932465931
    ],
    "index": 11,
    "global_index": 12,
    "wall_id": 1,
    "connected_cams": [
      10,
      9,
      12
    ]
  },
  {
    "camera_id": 12,
    "image_index": 12,
    "rotation_matrix": [
      [
        0.8013221374839695,
        -0.2661088162844264,
        0.5357881389820268
      ],
      [
        0.30533503027902054,
        0.9521067805396266,
        0.016223370025274908
      ],
      [
        -0.5144447018510657,
        0.1505947420933706,
        0.8441965839727139
      ]
    ],
    "translation_vector": [
      1.7368438280803244,
      0.6938779824307714,
      -1.0862013093880019
    ],
    "camera_position": [
      -2.162427172326959,
      -0.03488027072935876,
      -0.024869926718901758
    ],
    "index": 12,
    "global_index": 13,
    "wall_id": 1,
    "connected_cams": [
      11,
      10,
      9
    ]
  },
  {
    "camera_id": 0,
    "image_index": 0,
    "rotation_matrix": [
      [
        1.0,
        0.0,
        0.0
      ],
      [
        0.0,
        1.0,
        0.0
      ],
      [
        0.0,
        0.0,
        1.0
      ]
    ],
    "translation_vector": [
      0.0,
      0.0,
      0.0
    ],
    "camera_position": [
      -22.824051355983887,
      -5.059344038666282,
      23.85175204825454
    ],
    "index": 13,
    "global_index": 14,
    "wall_id": 2,
    "connected_cams": [
      14,
      23,
      21
    ]
  },
  {
    "camera_id": 1,
    "image_index": 1,
    "rotation_matrix": [
      [
        0.9987204753059556,
        -0.0074719090746209835,
        0.05001582528986937
      ],
      [
        0.008436238250045436,
        0.999782039220028,
        -0.019097223285885267
      ],
      [
        -0.04986223108560838,
        0.01949473333552128,
        0.99856582821732
      ]
    ],
    "translation_vector": [
      0.9935356648674629,
      0.012992379307216707,
      -0.112774468370753
    ],
    "camera_position": [
      -22.019959765524973,
      -4.9797619250130944,
      24.440906867754258
    ],
    "index": 14,
    "global_index": 15,
    "wall_id": 2,
    "connected_cams": [
      21,
      13,
      19
    ]
  },
  {
    "camera_id": 2,
    "image_index": 2,
    "rotation_matrix": [
      [
        0.9977662418320866,
        -0.018852642186834984,
        0.06408669552137372
      ],
      [
        0.019158625896935236,
        0.999807788551519,
        -0.00416329262273194
      ],
      [
        -0.06399588825866373,
        0.005381805858295292,
        0.9979356504563249
      ]
    ],
    "translation_vector": [
      2.039740959784373,
      0.043057883543341155,
      -0.4026034778681138
    ],
    "camera_position": [
      -21.07519130153003,
      -4.871822141854193,
      24.961171163332537
    ],
    "index": 15,
    "global_index": 16,
    "wall_id": 2,
    "connected_cams": [
      21,
      17,
      19
    ]
  },
  {
    "camera_id": 3,
    "image_index": 3,
    "rotation_matrix": [
      [
        0.9915165196842587,
        -0.006038482984463242,
        0.12984039400918918
      ],
      [
        0.006021107816589607,
        0.999981734427855,
        0.000526375645187836
      ],
      [
        -0.12984120091048196,
        0.0002598728635146041,
        0.9915347674248335
      ]
    ],
    "translation_vector": [
      1.4841020052971803,
      -0.02345140399372165,
      -1.969736529803639
    ],
    "camera_position": [
      -20.401825238242374,
      -4.664675408615954,
      23.606745855874916
    ],
    "index": 16,
    "global_index": 17,
    "wall_id": 2,
    "connected_cams": [
      20,
      19,
      17
    ]
  },
  {
    "camera_id": 4,
    "image_index": 4,
    "rotation_matrix": [
      [
        0.9921954809053731,
        -0.016442941430317593,
        0.12360322547601488
      ],
      [
        0.017152319088747984,
        0.99984194861648,
        -0.004677150486979026
      ],
      [
        -0.12350678370370269,
        0.006760729540458026,
        0.9923206976150641
      ]
    ],
    "translation_vector": [
      2.0847322753649404,
      0.22695555789372313,
      -1.3022277139202265
    ],
    "camera_position": [
      -20.438515300169207,
      -4.9370942014737835,
      24.47439737893934
    ],
    "index": 17,
    "global_index": 18,
    "wall_id": 2,
    "connected_cams": [
      20,
      19,
      15
    ]
  },
  {
    "camera_id": 5,
    "image_index": 5,
    "rotation_matrix": [
      [
        0.9917691613341947,
        -0.021023771308137793,
        0.12630095671233557
      ],
      [
        0.023797672742635622,
        0.999506714046591,
        -0.020493885620367205
      ],
      [
        -0.12580779545998952,
        0.023330872589112442,
        0.9917802523672913
      ]
    ],
    "translation_vector": [
      2.252093082672861,
      -0.29656976642529964,
      -3.3648400810304024
    ],
    "camera_position": [
      -18.943511797514944,
      -4.040592662862594,
      23.230797927771413
    ],
    "index": 18,
    "global_index": 19,
    "wall_id": 2,
    "connected_cams": [
      16,
      20,
      17
    ]
  },
  {
    "camera_id": 6,
    "image_index": 6,
    "rotation_matrix": [
      [
        0.9624488713984144,
        -0.02488481802290652,
        0.2703200247408343
      ],
      [
        0.0062134295290983705,
        0.9975480299989975,
        0.06970883113785517
      ],
      [
        -0.27139189972695454,
        -0.06541157143110005,
        0.9602435957013766
      ]
    ],
    "translation_vector": [
      1.2665842232117233,
      -0.23656509735878498,
      -1.2574568361340857
    ],
    "camera_position": [
      -21.10380779038157,
      -4.643067596426689,
      24.181710126133744
    ],
    "index": 19,
    "global_index": 20,
    "wall_id": 2,
    "connected_cams": [
      21,
      20,
      17
    ]
  },
  {
    "camera_id": 7,
    "image_index": 7,
    "rotation_matrix": [
      [
        0.9419798923370183,
        -0.04917503800912296,
        0.3320477346249193
      ],
      [
        0.048372953109191,
        0.9987721780694662,
        0.010686146259089282
      ],
      [
        -0.3321655307828245,
        0.005995994594389761,
        0.943202050574843
      ]
    ],
    "translation_vector": [
      1.1618850423167857,
      0.10131730857362355,
      -1.8967582362816984
    ],
    "camera_position": [
      -20.615583841165968,
      -4.776790283261784,
      23.879473281620445
    ],
    "index": 20,
    "global_index": 21,
    "wall_id": 2,
    "connected_cams": [
      16,
      19,
      17
    ]
  },
  {
    "camera_id": 8,
    "image_index": 8,
    "rotation_matrix": [
      [
        0.9100639317706272,
        -0.015784225055296225,
        0.4141672347368766
      ],
      [
        0.033262329498006435,
        0.9988328506805294,
        -0.03502219064783441
      ],
      [
        -0.4131310415915916,
        0.045648599549284845,
        0.9095267713666463
      ]
    ],
    "translation_vector": [
      1.110131176520495,
      -0.27668574371752774,
      -1.084914049986049
    ],
    "camera_position": [
      -21.438710327332608,
      -4.5431686673702165,
      24.399819513188575
    ],
    "index": 21,
    "global_index": 22,
    "wall_id": 2,
    "connected_cams": [
      19,
      22,
      14
    ]
  },
  {
    "camera_id": 9,
    "image_index": 9,
    "rotation_matrix": [
      [
        0.8674642570424691,
        -0.044974494841657386,
        0.49546246837424013
      ],
      [
        0.053865421622098494,
        0.9985414668606647,
        -0.0036681484737897414
      ],
      [
        -0.49457484682020647,
        0.029870282447441568,
        0.8686216018032705
      ]
    ],
    "translation_vector": [
      1.157523424183406,
      -0.8750510050124148,
      -0.9269291184453075
    ],
    "camera_position": [
      -21.732530175792554,
      -3.980933687439002,
      24.633023420498454
    ],
    "index": 22,
    "global_index": 23,
    "wall_id": 2,
    "connected_cams": [
      21,
      19,
      14
    ]
  },
  {
    "camera_id": 10,
    "image_index": 10,
    "rotation_matrix": [
      [
        0.7770541468523056,
        -0.03456276320321912,
        0.6284841034261676
      ],
      [
        0.05001219865085041,
        0.9987246953084629,
        -0.006911075685148626
      ],
      [
        -0.6274437288281264,
        0.03680215184980599,
        0.7777917258324881
      ]
    ],
    "translation_vector": [
      0.049801624751850744,
      -1.2472390127303161,
      -0.11930099426220686
    ],
    "camera_position": [
      -22.92936581613984,
      -3.8113119960898194,
      23.912109062104275
    ],
    "index": 23,
    "global_index": 24,
    "wall_id": 2,
    "connected_cams": [
      13,
      22,
      14
    ]
  },
  {
    "camera_id": 11,
    "image_index": 11,
    "rotation_matrix": [
      [
        0.8208727417689683,
        0.030719871427028513,
        0.5702843425171373
      ],
      [
        0.02809542359718562,
        0.9951711193327732,
        -0.09404834086176134
      ],
      [
        -0.5704196604199328,
        0.09322409959587799,
        0.8160457574553932
      ]
    ],
    "translation_vector": [
      3.2149446916180224,
      1.3312422291703476,
      2.620110944984017
    ],
    "camera_position": [
      -24.096479917094104,
      -7.128864401123622,
      27.467145198820578
    ],
    "index": 24,
    "global_index": 25,
    "wall_id": 2,
    "connected_cams": [
      14,
      13,
      15
    ]
  },
  {
    "camera_id": 0,
    "image_index": 0,
    "rotation_matrix": [
      [
        1.0,
        0.0,
        0.0
      ],
      [
        0.0,
        1.0,
        0.0
      ],
      [
        0.0,
        0.0,
        1.0
      ]
    ],
    "translation_vector": [
      0.0,
      0.0,
      0.0
    ],
    "camera_position": [
      0.1688769056963305,
      -4.363771975295926,
      7.44018702929927
    ],
    "index": 25,
    "global_index": 26,
    "wall_id": 3,
    "connected_cams": [
      28,
      26,
      29
    ]
  },
  {
    "camera_id": 1,
    "image_index": 1,
    "rotation_matrix": [
      [
        0.9994320854357296,
        0.03004247602702262,
        -0.015262903909617159
      ],
      [
        -0.03019356145662081,
        0.9994963529518138,
        -0.009766743704457945
      ],
      [
        0.014961799629513077,
        0.01022203845566421,
        0.9998358137622683
      ]
    ],
    "translation_vector": [
      0.9988199386919265,
      0.048366702958431165,
      0.004403648077092394
    ],
    "camera_position": [
      0.5424832221204263,
      -3.600616032421094,
      7.9674548238618135
    ],
    "index": 26,
    "global_index": 27,
    "wall_id": 3,
    "connected_cams": [
      28,
      27,
      33
    ]
  },
  {
    "camera_id": 2,
    "image_index": 2,
    "rotation_matrix": [
      [
        0.9994320854357296,
        0.03004247602702262,
        -0.015262903909617159
      ],
      [
        -0.03019356145662081,
        0.9994963529518138,
        -0.009766743704457945
      ],
      [
        0.014961799629513077,
        0.01022203845566421,
        0.9998358137622683
      ]
    ],
    "translation_vector": [
      1.2986495643226452,
      0.039308634521443,
      0.008892187965947264
    ],
    "camera_position": [
      0.6364350214113672,
      -3.374481850142656,
      8.140764924592432
    ],
    "index": 27,
    "global_index": 28,
    "wall_id": 3,
    "connected_cams": [
      26,
      28,
      35
    ]
  },
  {
    "camera_id": 3,
    "image_index": 3,
    "rotation_matrix": [
      [
        0.9693437303261973,
        0.04901023837159579,
        0.24077111332560613
      ],
      [
        -0.03960638255871628,
        0.9982573184128573,
        -0.043745407710799135
      ],
      [
        -0.24249549879926663,
        0.03286826387156445,
        0.9695955911059848
      ]
    ],
    "translation_vector": [
      0.9235373372462293,
      0.0308160690348751,
      -0.36098026070716455
    ],
    "camera_position": [
      0.47481762309774056,
      -3.535894508871822,
      7.8931735302481965
    ],
    "index": 28,
    "global_index": 29,
    "wall_id": 3,
    "connected_cams": [
      26,
      27,
      33
    ]
  },
  {
    "camera_id": 4,
    "image_index": 4,
    "rotation_matrix": [
      [
        0.8883873912233299,
        0.07464780826004684,
        0.45298515189504546
      ],
      [
        0.024239074972661298,
        0.9776896124839302,
        -0.2086515968917854
      ],
      [
        -0.45845426201517187,
        0.19634338889556144,
        0.866757730439787
      ]
    ],
    "translation_vector": [
      0.5034651045398466,
      0.5048119338364192,
      -0.7141189487046571
    ],
    "camera_position": [
      0.5316012022385209,
      -3.4240731964977646,
      7.379562259153302
    ],
    "index": 29,
    "global_index": 30,
    "wall_id": 3,
    "connected_cams": [
      30,
      32,
      31
    ]
  },
  {
    "camera_id": 5,
    "image_index": 5,
    "rotation_matrix": [
      [
        0.8821329178598626,
        0.06365376719624448,
        0.4666794543900249
      ],
      [
        0.05792703110612553,
        0.9686415103728836,
        -0.24161556955165123
      ],
      [
        -0.4674248327755758,
        0.2401704026400113,
        0.8507832881530172
      ]
    ],
    "translation_vector": [
      0.6296210515784602,
      0.6298295598220971,
      -0.7188560294915772
    ],
    "camera_position": [
      0.6603561437209976,
      -3.330218591522769,
      7.431383868809171
    ],
    "index": 30,
    "global_index": 31,
    "wall_id": 3,
    "connected_cams": [
      31,
      32,
      29
    ]
  },
  {
    "camera_id": 6,
    "image_index": 6,
    "rotation_matrix": [
      [
        0.8896062106629266,
        0.07994764910931687,
        0.4496767320551978
      ],
      [
        0.0246910437079709,
        0.9747024559767865,
        -0.22213841332248577
      ],
      [
        -0.4560604590518232,
        0.20871869996412393,
        0.8651273674868495
      ]
    ],
    "translation_vector": [
      0.7608406020380676,
      0.5636044327845177,
      -0.728267718253032
    ],
    "camera_position": [
      0.6982953331059133,
      -3.2968927404118062,
      7.531768002791209
    ],
    "index": 31,
    "global_index": 32,
    "wall_id": 3,
    "connected_cams": [
      32,
      30,
      33
    ]
  },
  {
    "camera_id": 7,
    "image_index": 7,
    "rotation_matrix": [
      [
        0.8728113585598906,
        0.0754630774574364,
        0.4821884033336877
      ],
      [
        0.0073558020356102455,
        0.9858279683546539,
        -0.16759805782331846
      ],
      [
        -0.48800227924186074,
        0.14982837097955928,
        0.8598867569071875
      ]
    ],
    "translation_vector": [
      0.7137659759558369,
      0.43392550197860813,
      -0.7748195247480495
    ],
    "camera_position": [
      0.6220325268792788,
      -3.328023601421534,
      7.581515705218998
    ],
    "index": 32,
    "global_index": 33,
    "wall_id": 3,
    "connected_cams": [
      31,
      33,
      30
    ]
  },
  {
    "camera_id": 8,
    "image_index": 8,
    "rotation_matrix": [
      [
        0.8601699536905185,
        0.09290778875785491,
        0.5014736219943946
      ],
      [
        -0.015777584530545674,
        0.9876440939019597,
        -0.15591732298548006
      ],
      [
        -0.509763394718013,
        0.12620335403111455,
        0.851007635005036
      ]
    ],
    "translation_vector": [
      0.8095879756597076,
      0.3656715897180371,
      -0.7853308548908876
    ],
    "camera_position": [
      0.6578396038142361,
      -3.3136791295845835,
      7.693393365591376
    ],
    "index": 33,
    "global_index": 34,
    "wall_id": 3,
    "connected_cams": [
      34,
      32,
      31
    ]
  },
  {
    "camera_id": 9,
    "image_index": 9,
    "rotation_matrix": [
      [
        0.8644841383509276,
        0.11432789130685841,
        0.48948575853540566
      ],
      [
        -0.02853885363309131,
        0.983383408143364,
        -0.179283592170759
      ],
      [
        -0.5018492885049886,
        0.1410184592798731,
        0.853382145213601
      ]
    ],
    "translation_vector": [
      0.9224981391224198,
      0.362826193158963,
      -0.7912891460020103
    ],
    "camera_position": [
      0.7116139215757553,
      -3.2626387358410653,
      7.75913263009836
    ],
    "index": 34,
    "global_index": 35,
    "wall_id": 3,
    "connected_cams": [
      33,
      32,
      31
    ]
  },
  {
    "camera_id": 10,
    "image_index": 10,
    "rotation_matrix": [
      [
        0.8991291219948659,
        0.08016322381403643,
        0.4302797689044679
      ],
      [
        -0.008751202545610827,
        0.9861804606265866,
        -0.165443390718213
      ],
      [
        -0.4375959762552066,
        0.14498950522735882,
        0.887405096299981
      ]
    ],
    "translation_vector": [
      1.2827030074715722,
      0.39128063674880326,
      -0.724583737492677
    ],
    "camera_position": [
      0.885466857497465,
      -3.1347613703890165,
      7.987435518300412
    ],
    "index": 35,
    "global_index": 36,
    "wall_id": 3,
    "connected_cams": [
      34,
      27,
      33
    ]
  },
  {
    "camera_id": 0,
    "image_index": 0,
    "rotation_matrix": [
      [
        1.0,
        0.0,
        0.0
      ],
      [
        0.0,
        1.0,
        0.0
      ],
      [
        0.0,
        0.0,
        1.0
      ]
    ],
    "translation_vector": [
      0.0,
      0.0,
      0.0
    ],
    "camera_position": [
      1.414279779784777,
      2.757398487162903,
      4.932059832727248
    ],
    "index": 36,
    "global_index": 37,
    "wall_id": 4,
    "connected_cams": [
      37,
      38,
      39
    ]
  },
  {
    "camera_id": 1,
    "image_index": 1,
    "rotation_matrix": [
      [
        0.9993010437080742,
        0.0355155831092311,
        -0.01166479319855433
      ],
      [
        -0.03537043347748621,
        0.999297059083074,
        0.012422565899764454
      ],
      [
        0.012097788209770572,
        -0.012001294277308849,
        0.9998547956859041
      ]
    ],
    "translation_vector": [
      0.9916577634714561,
      0.00946340431223957,
      0.12855086201816435
    ],
    "camera_position": [
      1.5240596386894705,
      1.9610167616381275,
      5.526807283187569
    ],
    "index": 37,
    "global_index": 38,
    "wall_id": 4,
    "connected_cams": [
      36,
      38,
      39
    ]
  },
  {
    "camera_id": 2,
    "image_index": 2,
    "rotation_matrix": [
      [
        0.9983248929170289,
        0.005115226067133317,
        0.057630223359665625
      ],
      [
        -0.009470032342706066,
        0.9970972709498238,
        0.07554701021113765
      ],
      [
        -0.057076498400225384,
        -0.0759662209583691,
        0.9954754676051406
      ]
    ],
    "translation_vector": [
      2.50864586510946,
      0.07738224342257594,
      -0.40727024436974363
    ],
    "camera_position": [
      1.181689859520794,
      0.6104634311276769,
      6.274346290319491
    ],
    "index": 38,
    "global_index": 39,
    "wall_id": 4,
    "connected_cams": [
      37,
      39,
      43
    ]
  },
  {
    "camera_id": 3,
    "image_index": 3,
    "rotation_matrix": [
      [
        0.993050728356481,
        0.010770038016023446,
        0.11719324721073315
      ],
      [
        -0.0171132705702676,
        0.9984342745799257,
        0.05325537826779815
      ],
      [
        -0.11643619231601238,
        -0.054890851926262405,
        0.9916801941622903
      ]
    ],
    "translation_vector": [
      4.204055051866475,
      0.054714435261702395,
      -1.2869479595203925
    ],
    "camera_position": [
      0.7146684610692311,
      -1.0106088600537433,
      7.087511579603127
    ],
    "index": 39,
    "global_index": 40,
    "wall_id": 4,
    "connected_cams": [
      40,
      43,
      44
    ]
  },
  {
    "camera_id": 4,
    "image_index": 4,
    "rotation_matrix": [
      [
        0.993050728356481,
        0.010770038016023446,
        0.11719324721073315
      ],
      [
        -0.0171132705702676,
        0.9984342745799257,
        0.05325537826779815
      ],
      [
        -0.11643619231601238,
        -0.054890851926262405,
        0.9916801941622903
      ]
    ],
    "translation_vector": [
      4.50197027037342,
      0.04958045409062212,
      -1.3218788172151963
    ],
    "camera_position": [
      0.7205342575842776,
      -1.265558673139373,
      7.245518494764607
    ],
    "index": 40,
    "global_index": 41,
    "wall_id": 4,
    "connected_cams": [
      41,
      45,
      44
    ]
  },
  {
    "camera_id": 5,
    "image_index": 5,
    "rotation_matrix": [
      [
        0.9880346909801203,
        0.03744847474951272,
        0.1496163799814486
      ],
      [
        -0.05895474434432844,
        0.9881088651557627,
        0.14200425599215594
      ],
      [
        -0.14251942863733696,
        -0.1491257266186019,
        0.9784936024938339
      ]
    ],
    "translation_vector": [
      4.478283645504748,
      -0.29873023881779376,
      -1.433586807313032
    ],
    "camera_position": [
      0.75940010852812,
      -1.3239541546605835,
      7.1932826277071475
    ],
    "index": 41,
    "global_index": 42,
    "wall_id": 4,
    "connected_cams": [
      45,
      48,
      49
    ]
  },
  {
    "camera_id": 6,
    "image_index": 6,
    "rotation_matrix": [
      [
        0.9807277122671418,
        0.02729823293253232,
        0.19346307366011595
      ],
      [
        -0.0627058352730869,
        0.9817860886067684,
        0.17934339809685523
      ],
      [
        -0.18504359652244856,
        -0.18801830415410042,
        0.9645765831125351
      ]
    ],
    "translation_vector": [
      4.377926208145207,
      -0.38166167712309257,
      -1.640863660181808
    ],
    "camera_position": [
      0.7452958720073799,
      -1.3245323043440207,
      7.144442850094936
    ],
    "index": 42,
    "global_index": 43,
    "wall_id": 4,
    "connected_cams": [
      44,
      46,
      47
    ]
  },
  {
    "camera_id": 7,
    "image_index": 7,
    "rotation_matrix": [
      [
        0.9890107219021907,
        -0.13188065122516432,
        0.06682279397731003
      ],
      [
        0.11701007682107084,
        0.9745014256400502,
        0.1914565573383079
      ],
      [
        -0.09036832345924406,
        -0.18153364772938446,
        0.9792237235980494
      ]
    ],
    "translation_vector": [
      4.50463454896132,
      0.4404321676091237,
      -1.1697039211233615
    ],
    "camera_position": [
      0.7879707236435617,
      -1.3099944176373626,
      7.149709963209564
    ],
    "index": 43,
    "global_index": 44,
    "wall_id": 4,
    "connected_cams": [
      49,
      45,
      48
    ]
  },
  {
    "camera_id": 8,
    "image_index": 8,
    "rotation_matrix": [
      [
        0.9878539416584343,
        -0.10765254163111214,
        0.11205141779672534
      ],
      [
        0.07869284830808786,
        0.9684081693263794,
        0.23662851308980207
      ],
      [
        -0.13398516923546017,
        -0.22493676414115152,
        0.9651173123318497
      ]
    ],
    "translation_vector": [
      4.466273138333396,
      0.2268054114154192,
      -1.3940627195501738
    ],
    "camera_position": [
      0.7574134279712146,
      -1.318280204855883,
      7.145612882049683
    ],
    "index": 44,
    "global_index": 45,
    "wall_id": 4,
    "connected_cams": [
      46,
      47,
      48
    ]
  },
  {
    "camera_id": 9,
    "image_index": 9,
    "rotation_matrix": [
      [
        0.9564513858177225,
        -0.15974951768618184,
        0.24429661922832727
      ],
      [
        0.11413397253178564,
        0.9749883712490605,
        0.19071211876338082
      ],
      [
        -0.2686525318724386,
        -0.1545243266548557,
        0.9507618259008888
      ]
    ],
    "translation_vector": [
      4.218485612218076,
      0.4296732061609235,
      -1.9883934437784943
    ],
    "camera_position": [
      0.769727460830095,
      -1.3164998014052056,
      7.150584895550944
    ],
    "index": 45,
    "global_index": 46,
    "wall_id": 4,
    "connected_cams": [
      49,
      48,
      47
    ]
  },
  {
    "camera_id": 10,
    "image_index": 10,
    "rotation_matrix": [
      [
        0.9281744432889,
        -0.15184696424741526,
        0.3397568281494646
      ],
      [
        0.10585701933943578,
        0.982982219178978,
        0.15013410083835702
      ],
      [
        -0.3567723283578912,
        -0.10338499033619838,
        0.9284530410803087
      ]
    ],
    "translation_vector": [
      4.010130048489793,
      0.42143142109827175,
      -2.386704471817672
    ],
    "camera_position": [
      0.7585931561075578,
      -1.3195173184500417,
      7.146543576121706
    ],
    "index": 46,
    "global_index": 47,
    "wall_id": 4,
    "connected_cams": [
      44,
      47,
      48
    ]
  },
  {
    "camera_id": 11,
    "image_index": 11,
    "rotation_matrix": [
      [
        0.9122271227686943,
        -0.16698706232531146,
        0.3741082697577161
      ],
      [
        0.11845294244124649,
        0.9816651248336961,
        0.14934015907402354
      ],
      [
        -0.3921869157839923,
        -0.09191791828151054,
        0.9152816612314666
      ]
    ],
    "translation_vector": [
      3.908725825528145,
      0.4803947030453003,
      -2.53534231538747
    ],
    "camera_position": [
      0.7620073745434205,
      -1.3176269971934458,
      7.146915430111873
    ],
    "index": 47,
    "global_index": 48,
    "wall_id": 4,
    "connected_cams": [
      46,
      44,
      48
    ]
  },
  {
    "camera_id": 12,
    "image_index": 12,
    "rotation_matrix": [
      [
        0.9074319074202837,
        -0.14520084496258298,
        0.3943146561031402
      ],
      [
        0.0846070328411933,
        0.9823167760122766,
        0.167019165243561
      ],
      [
        -0.4115932256359366,
        -0.11819672663402588,
        0.903670598406082
      ]
    ],
    "translation_vector": [
      3.874860702172111,
      0.3097782704181876,
      -2.6118661654543267
    ],
    "camera_position": [
      0.7680538200209228,
      -1.3174890160885955,
      7.147920105641193
    ],
    "index": 48,
    "global_index": 49,
    "wall_id": 4,
    "connected_cams": [
      49,
      45,
      47
    ]
  },
  {
    "camera_id": 13,
    "image_index": 13,
    "rotation_matrix": [
      [
        0.8960012064734028,
        -0.11471780933236034,
        0.42897746120302277
      ],
      [
        0.04973105927218102,
        0.9858995012364801,
        0.15977795594301075
      ],
      [
        -0.4412580421271362,
        -0.12182773774327456,
        0.8890721807448945
      ]
    ],
    "translation_vector": [
      3.797149341134985,
      0.15494354301524926,
      -2.7353369401522154
    ],
    "camera_position": [
      0.7701947977794976,
      -1.3165614087625759,
      7.148458736108914
    ],
    "index": 49,
    "global_index": 50,
    "wall_id": 4,
    "connected_cams": [
      45,
      48,
      47
    ]
  }
]